-- Créer les tables
CREATE TABLE users (
    id SERIAL PRIMARY KEY,
    email VARCHAR(255) UNIQUE NOT NULL,
    password VARCHAR(255) NOT NULL,
    role VARCHAR(50) NOT NULL DEFAULT 'user',
    last_login_at TIMESTAMP NULL, 
    created_at TIMESTAMP DEFAULT CURRENT_TIMESTAMP,
    updated_at TIMESTAMP DEFAULT CURRENT_TIMESTAMP,
    is_email_verified BOOLEAN NOT NULL DEFAULT FALSE,
    name VARCHAR(30) NOT NULL,
    surname VARCHAR(30) NOT NULL,
    phone VARCHAR(15) NOT NULL,
    address VARCHAR(255) NOT NULL
);

CREATE TABLE circle (
    id SERIAL PRIMARY KEY,
    name VARCHAR(50) NOT NULL
);

CREATE TABLE friendship (
    id SERIAL PRIMARY KEY,
    user_id INT NOT NULL REFERENCES users(id),
    friend_id INT NOT NULL REFERENCES users(id),
    circle_id INT NOT NULL REFERENCES circle(id),
    created_at TIMESTAMP DEFAULT CURRENT_TIMESTAMP,
    updated_at TIMESTAMP DEFAULT CURRENT_TIMESTAMP,
    UNIQUE (user_id, friend_id)
);

INSERT INTO users (id, email, password, role, is_email_verified, name, surname, phone, address) 
VALUES 
(1, 'test@example.com', '$2b$10$gSQWrUbN3ocZZOZEUrpYIOk6.QiJDc2v36xfHDZTO56.O5GzDDbBy', 'user', true, 'Romain', 'Blanchot', '1234567890', '123 Test Street'),
(2, 'user1@example.com', '$2b$10$gSQWrUbN3ocZZOZEUrpYIOk6.QiJDc2v36xfHDZTO56.O5GzDDbBy', 'user', true, 'Ludo', 'Bergeron', '1234567890', 'Address 1'),
(3, 'user2@example.com', '$2b$10$gSQWrUbN3ocZZOZEUrpYIOk6.QiJDc2v36xfHDZTO56.O5GzDDbBy', 'user', true, 'Ulysse', 'Ovale', '1234567890', 'Address 2'),
(4, 'user3@example.com', '$2b$10$gSQWrUbN3ocZZOZEUrpYIOk6.QiJDc2v36xfHDZTO56.O5GzDDbBy', 'user', true, 'Samuel', 'Bijaoui', '1234567890', 'Address 3'),
(5, 'user4@example.com', '$2b$10$gSQWrUbN3ocZZOZEUrpYIOk6.QiJDc2v36xfHDZTO56.O5GzDDbBy', 'user', true, 'Aurélie', 'Lemoine', '1234567894', 'Address 4'),
(6, 'user5@example.com', '$2b$10$gSQWrUbN3ocZZOZEUrpYIOk6.QiJDc2v36xfHDZTO56.O5GzDDbBy', 'user', true, 'Julien', 'Dubois', '1234567895', 'Address 5'),
(7, 'user6@example.com', '$2b$10$gSQWrUbN3ocZZOZEUrpYIOk6.QiJDc2v36xfHDZTO56.O5GzDDbBy', 'user', true, 'Sophie', 'Martin', '1234567896', 'Address 6'),
(8, 'user7@example.com', '$2b$10$gSQWrUbN3ocZZOZEUrpYIOk6.QiJDc2v36xfHDZTO56.O5GzDDbBy', 'user', true, 'Marc', 'Dupont', '1234567897', 'Address 7'),
(9, 'user8@example.com', '$2b$10$gSQWrUbN3ocZZOZEUrpYIOk6.QiJDc2v36xfHDZTO56.O5GzDDbBy', 'user', true, 'Claire', 'Lefebvre', '1234567898', 'Address 8'),
(10, 'user9@example.com', '$2b$10$gSQWrUbN3ocZZOZEUrpYIOk6.QiJDc2v36xfHDZTO56.O5GzDDbBy', 'user', true, 'Nicolas', 'Girard', '1234567899', 'Address 9'),
(11, 'user10@example.com', '$2b$10$gSQWrUbN3ocZZOZEUrpYIOk6.QiJDc2v36xfHDZTO56.O5GzDDbBy', 'user', true, 'Isabelle', 'Rousseau', '1234567800', 'Address 10'),
(12, 'user11@example.com', '$2b$10$gSQWrUbN3ocZZOZEUrpYIOk6.QiJDc2v36xfHDZTO56.O5GzDDbBy', 'user', true, 'Paul', 'Moreau', '1234567801', 'Address 11'),
(13, 'user12@example.com', '$2b$10$gSQWrUbN3ocZZOZEUrpYIOk6.QiJDc2v36xfHDZTO56.O5GzDDbBy', 'user', true, 'Emma', 'Petit', '1234567802', 'Address 12'),
(14, 'user13@example.com', '$2b$10$gSQWrUbN3ocZZOZEUrpYIOk6.QiJDc2v36xfHDZTO56.O5GzDDbBy', 'user', true, 'Thomas', 'Durand', '1234567803', 'Address 13'),
(15, 'user14@example.com', '$2b$10$gSQWrUbN3ocZZOZEUrpYIOk6.QiJDc2v36xfHDZTO56.O5GzDDbBy', 'user', true, 'Laura', 'Simon', '1234567804', 'Address 14'),
(16, 'user15@example.com', '$2b$10$gSQWrUbN3ocZZOZEUrpYIOk6.QiJDc2v36xfHDZTO56.O5GzDDbBy', 'user', true, 'Alexandre', 'Leroy', '1234567805', 'Address 15'),
(17, 'user16@example.com', '$2b$10$gSQWrUbN3ocZZOZEUrpYIOk6.QiJDc2v36xfHDZTO56.O5GzDDbBy', 'user', true, 'Julie', 'Bernard', '1234567806', 'Address 16'),
(18, 'user17@example.com', '$2b$10$gSQWrUbN3ocZZOZEUrpYIOk6.QiJDc2v36xfHDZTO56.O5GzDDbBy', 'user', true, 'Lucas', 'Perrin', '1234567807', 'Address 17'),
(19, 'user18@example.com', '$2b$10$gSQWrUbN3ocZZOZEUrpYIOk6.QiJDc2v36xfHDZTO56.O5GzDDbBy', 'user', true, 'Chloé', 'Renaud', '1234567808', 'Address 18'),
(20, 'user19@example.com', '$2b$10$gSQWrUbN3ocZZOZEUrpYIOk6.QiJDc2v36xfHDZTO56.O5GzDDbBy', 'user', true, 'Antoine', 'Dumont', '1234567809', 'Address 19');

-- Insérer les cercles
INSERT INTO circle (name) VALUES ('Best Friends'), ('Friends'), ('Acquaintances');

-- Ajouter des relations d'amitié
INSERT INTO friendship (user_id, friend_id, circle_id)
VALUES 
(1, 2, (SELECT id FROM circle WHERE name = 'Best Friends')),
(1, 3, (SELECT id FROM circle WHERE name = 'Friends')),
(1, 4, (SELECT id FROM circle WHERE name = 'Acquaintances')),
(1, 5, (SELECT id FROM circle WHERE name = 'Best Friends')),
(1, 6, (SELECT id FROM circle WHERE name = 'Friends')),
(1, 7, (SELECT id FROM circle WHERE name = 'Acquaintances')),
(1, 8, (SELECT id FROM circle WHERE name = 'Best Friends')),
(1, 9, (SELECT id FROM circle WHERE name = 'Friends')),
(1, 10, (SELECT id FROM circle WHERE name = 'Acquaintances')),
(1, 11, (SELECT id FROM circle WHERE name = 'Best Friends')),
(1, 12, (SELECT id FROM circle WHERE name = 'Friends')),
(1, 13, (SELECT id FROM circle WHERE name = 'Acquaintances')),
(1, 14, (SELECT id FROM circle WHERE name = 'Best Friends')),
(1, 15, (SELECT id FROM circle WHERE name = 'Friends')),
(1, 16, (SELECT id FROM circle WHERE name = 'Acquaintances')),
(1, 17, (SELECT id FROM circle WHERE name = 'Best Friends')),
(1, 18, (SELECT id FROM circle WHERE name = 'Friends')),
(1, 19, (SELECT id FROM circle WHERE name = 'Acquaintances')),
(2, 3, (SELECT id FROM circle WHERE name = 'Acquaintances')),
(2, 4, (SELECT id FROM circle WHERE name = 'Friends')),
(2, 5, (SELECT id FROM circle WHERE name = 'Best Friends')),
(2, 6, (SELECT id FROM circle WHERE name = 'Friends')),
(2, 7, (SELECT id FROM circle WHERE name = 'Acquaintances')),
(3, 4, (SELECT id FROM circle WHERE name = 'Friends')),
(3, 5, (SELECT id FROM circle WHERE name = 'Best Friends')),
(3, 6, (SELECT id FROM circle WHERE name = 'Friends')),
(3, 7, (SELECT id FROM circle WHERE name = 'Acquaintances')),
(4, 5, (SELECT id FROM circle WHERE name = 'Best Friends')),
(4, 6, (SELECT id FROM circle WHERE name = 'Friends')),
(4, 7, (SELECT id FROM circle WHERE name = 'Acquaintances')),
(4, 8, (SELECT id FROM circle WHERE name = 'Best Friends')),
(4, 9, (SELECT id FROM circle WHERE name = 'Friends')),
(4, 10, (SELECT id FROM circle WHERE name = 'Acquaintances')),
(5, 6, (SELECT id FROM circle WHERE name = 'Friends')),
(5, 7, (SELECT id FROM circle WHERE name = 'Acquaintances')),
(5, 8, (SELECT id FROM circle WHERE name = 'Best Friends')),
(5, 9, (SELECT id FROM circle WHERE name = 'Friends')),
(5, 10, (SELECT id FROM circle WHERE name = 'Acquaintances')),
(6, 7, (SELECT id FROM circle WHERE name = 'Friends')),
(6, 8, (SELECT id FROM circle WHERE name = 'Best Friends')),
(6, 9, (SELECT id FROM circle WHERE name = 'Friends')),
(6, 10, (SELECT id FROM circle WHERE name = 'Acquaintances')),
(7, 8, (SELECT id FROM circle WHERE name = 'Best Friends')),
(7, 9, (SELECT id FROM circle WHERE name = 'Friends')),
(7, 10, (SELECT id FROM circle WHERE name = 'Acquaintances')),
(8, 9, (SELECT id FROM circle WHERE name = 'Best Friends')),
(8, 10, (SELECT id FROM circle WHERE name = 'Friends')),
(8, 11, (SELECT id FROM circle WHERE name = 'Acquaintances')),
(9, 10, (SELECT id FROM circle WHERE name = 'Friends')),
(9, 11, (SELECT id FROM circle WHERE name = 'Acquaintances')),
(9, 12, (SELECT id FROM circle WHERE name = 'Best Friends')),
(10, 11, (SELECT id FROM circle WHERE name = 'Friends')),
(10, 12, (SELECT id FROM circle WHERE name = 'Acquaintances')),
(10, 13, (SELECT id FROM circle WHERE name = 'Best Friends')),
(11, 12, (SELECT id FROM circle WHERE name = 'Friends')),
(11, 13, (SELECT id FROM circle WHERE name = 'Acquaintances')),
(11, 14, (SELECT id FROM circle WHERE name = 'Best Friends')),
(12, 13, (SELECT id FROM circle WHERE name = 'Friends')),
(12, 14, (SELECT id FROM circle WHERE name = 'Acquaintances')),
(12, 15, (SELECT id FROM circle WHERE name = 'Best Friends')),
(13, 14, (SELECT id FROM circle WHERE name = 'Friends')),
(13, 15, (SELECT id FROM circle WHERE name = 'Acquaintances')),
(13, 16, (SELECT id FROM circle WHERE name = 'Best Friends')),
(14, 15, (SELECT id FROM circle WHERE name = 'Friends')),
(14, 16, (SELECT id FROM circle WHERE name = 'Acquaintances')),
(14, 17, (SELECT id FROM circle WHERE name = 'Best Friends')),
(15, 16, (SELECT id FROM circle WHERE name = 'Friends')),
(15, 17, (SELECT id FROM circle WHERE name = 'Acquaintances')),
(15, 18, (SELECT id FROM circle WHERE name = 'Best Friends')),
(16, 17, (SELECT id FROM circle WHERE name = 'Friends')),
(16, 18, (SELECT id FROM circle WHERE name = 'Acquaintances')),
(16, 19, (SELECT id FROM circle WHERE name = 'Best Friends')),
(17, 18, (SELECT id FROM circle WHERE name = 'Friends')),
(17, 19, (SELECT id FROM circle WHERE name = 'Acquaintances')),
(18, 19, (SELECT id FROM circle WHERE name = 'Friends'));
